{
    "0": {
        "P": 0.6399999999999999,
        "Q": 0.028099999999999986,
        "V": 1.035,
        "O": -0.354415091127384,
        "dP": 2.737277071673816e-11,
        "dQ": 0.0,
        "type": "PV"
    },
    "1": {
        "P": 0.75,
        "Q": -0.028999999999999998,
        "V": 1.035,
        "O": -0.3560276942207856,
        "dP": 2.8567814780444678e-11,
        "dQ": 0.0,
        "type": "PV"
    },
    "2": {
        "P": -1.8,
        "Q": -0.37,
        "V": 0.983876278022105,
        "O": -0.32290454514619604,
        "dP": 6.3866689714586755e-12,
        "dQ": -5.329070518200751e-15,
        "type": "PQ"
    },
    "3": {
        "P": -0.74,
        "Q": -0.15,
        "V": 0.9972187804334398,
        "O": -0.3963435498613208,
        "dP": 1.6997514507011147e-12,
        "dQ": -3.219646771412954e-15,
        "type": "PQ"
    },
    "4": {
        "P": -0.71,
        "Q": -0.14,
        "V": 1.0167536556836638,
        "O": -0.40099317206417556,
        "dP": 4.2984504844412186e-12,
        "dQ": -1.942890293094024e-16,
        "type": "PQ"
    },
    "5": {
        "P": -1.36,
        "Q": -0.28,
        "V": 1.009068506778413,
        "O": -0.4437979415104019,
        "dP": 1.3030465595420537e-11,
        "dQ": -1.7763568394002505e-15,
        "type": "PQ"
    },
    "6": {
        "P": 1.15,
        "Q": 0.28090000000000004,
        "V": 1.025,
        "O": -0.3559349501267161,
        "dP": 9.221401420234088e-11,
        "dQ": 0.0,
        "type": "PV"
    },
    "7": {
        "P": -1.71,
        "Q": -0.35,
        "V": 0.991590211278281,
        "O": -0.4208409222371651,
        "dP": 1.3595569114954742e-11,
        "dQ": -1.609823385706477e-15,
        "type": "PQ"
    },
    "8": {
        "P": -1.75,
        "Q": -0.36,
        "V": 1.000045455069258,
        "O": -0.35673212486942435,
        "dP": 1.3787637698214894e-11,
        "dQ": 8.382183835919932e-15,
        "type": "PQ"
    },
    "9": {
        "P": -1.95,
        "Q": -0.4,
        "V": 1.0248640073148008,
        "O": -0.39249828496032435,
        "dP": 6.180589373627754e-11,
        "dQ": -1.2212453270876722e-15,
        "type": "PQ"
    },
    "10": {
        "P": 0.0,
        "Q": 0.0,
        "V": 0.9899317354004965,
        "O": -0.2645008536253887,
        "dP": -9.399032886597876e-12,
        "dQ": -3.516944017436062e-15,
        "type": "PQ"
    },
    "11": {
        "P": 0.0,
        "Q": 0.0,
        "V": 1.0025792998317713,
        "O": -0.25336994686868347,
        "dP": -4.962585398582374e-12,
        "dQ": 1.7809385962972813e-15,
        "type": "PQ"
    },
    "12": {
        "P": 0.2030000000000003,
        "Q": 0.635,
        "V": 1.02,
        "O": -0.22689280275926285,
        "dP": 0.0,
        "dQ": 0.0,
        "type": "VO"
    },
    "13": {
        "P": -1.94,
        "Q": -0.755,
        "V": 0.98,
        "O": -0.1875621457683637,
        "dP": 3.897993039458925e-12,
        "dQ": 0.0,
        "type": "PV"
    },
    "14": {
        "P": -1.02,
        "Q": -0.876,
        "V": 1.014,
        "O": -0.025238097636429545,
        "dP": -2.020605904817785e-14,
        "dQ": 0.0,
        "type": "PV"
    },
    "15": {
        "P": 0.55,
        "Q": 0.12789999999999996,
        "V": 1.017,
        "O": -0.044686112259060135,
        "dP": -6.120659534758488e-13,
        "dQ": 0.0,
        "type": "PV"
    },
    "16": {
        "P": 0.0,
        "Q": 0.0,
        "V": 1.038552922002402,
        "O": 0.03353243307926023,
        "dP": 2.3060507325976018e-15,
        "dQ": 9.224202930390407e-15,
        "type": "PQ"
    },
    "17": {
        "P": 0.6699999999999999,
        "Q": 0.664,
        "V": 1.05,
        "O": 0.05727075901661457,
        "dP": 2.3170354523927017e-13,
        "dQ": 0.0,
        "type": "PV"
    },
    "18": {
        "P": -1.81,
        "Q": -0.37,
        "V": 1.0232485408267218,
        "O": -0.07137470275210034,
        "dP": 5.360156762890256e-13,
        "dQ": 1.0436096431476471e-14,
        "type": "PQ"
    },
    "19": {
        "P": -1.28,
        "Q": -0.26,
        "V": 1.0384896686740912,
        "O": -0.06065749529306895,
        "dP": 3.7192471324942744e-13,
        "dQ": -3.530509218307998e-14,
        "type": "PQ"
    },
    "20": {
        "P": 4.0,
        "Q": 1.151,
        "V": 1.05,
        "O": 0.07167042323098148,
        "dP": -1.7763568394002505e-15,
        "dQ": 0.0,
        "type": "PV"
    },
    "21": {
        "P": 3.0,
        "Q": -0.301,
        "V": 1.05,
        "O": 0.17026328404791788,
        "dP": -2.6645352591003757e-15,
        "dQ": 0.0,
        "type": "PV"
    },
    "22": {
        "P": 6.6,
        "Q": 1.29,
        "V": 1.05,
        "O": -0.0424434799030058,
        "dP": 1.7964296716854733e-11,
        "dQ": 0.0,
        "type": "PV"
    },
    "23": {
        "P": 0.0,
        "Q": 0.0,
        "V": 0.9812886089216516,
        "O": -0.13486277787229628,
        "dP": 9.944492365395559e-13,
        "dQ": 3.486237463767067e-15,
        "type": "PQ"
    }
}