{
    "0": {
        "P": 0.6399999999999999,
        "Q": 0.028099999999999986,
        "V": 1.035,
        "O": -0.35968363097676703,
        "dP": 9.210854301500149e-12,
        "dQ": 0.0,
        "type": "PV"
    },
    "1": {
        "P": 0.75,
        "Q": -0.028999999999999998,
        "V": 1.035,
        "O": -0.3610637634974577,
        "dP": 7.601667073586782e-10,
        "dQ": 0.0,
        "type": "PV"
    },
    "2": {
        "P": -1.8,
        "Q": -0.37,
        "V": 0.9963095172656143,
        "O": -0.32450393357800505,
        "dP": -9.910472442697937e-11,
        "dQ": -3.0531133177191805e-15,
        "type": "PQ"
    },
    "3": {
        "P": -0.74,
        "Q": -0.15,
        "V": 1.0153741528164544,
        "O": -0.3990939049080936,
        "dP": -1.4936374359564297e-10,
        "dQ": -4.6629367034256575e-15,
        "type": "PQ"
    },
    "4": {
        "P": -0.71,
        "Q": -0.14,
        "V": 1.053553801361761,
        "O": -0.4176734514355193,
        "dP": 1.7830369403171176e-09,
        "dQ": 5.551115123125783e-17,
        "type": "PQ"
    },
    "5": {
        "P": -1.36,
        "Q": -0.28,
        "V": 0.9233030851138692,
        "O": -0.43982843354494167,
        "dP": -2.3428314843698672e-09,
        "dQ": 3.552713678800501e-15,
        "type": "PQ"
    },
    "6": {
        "P": 1.15,
        "Q": 0.28090000000000004,
        "V": 1.025,
        "O": -0.35853669860478826,
        "dP": 4.460920521864864e-10,
        "dQ": 0.0,
        "type": "PV"
    },
    "7": {
        "P": -1.71,
        "Q": -0.35,
        "V": 0.9901583751858507,
        "O": -0.423166826339909,
        "dP": -1.767890278614459e-10,
        "dQ": -5.051514762044462e-15,
        "type": "PQ"
    },
    "8": {
        "P": -1.75,
        "Q": -0.36,
        "V": 1.03310211798456,
        "O": -0.36032459645583,
        "dP": 1.2205383370655909e-09,
        "dQ": -1.992850329202156e-14,
        "type": "PQ"
    },
    "9": {
        "P": -1.95,
        "Q": -0.4,
        "V": 0.9853401064394113,
        "O": -0.39337117135476646,
        "dP": 2.1617885259672676e-10,
        "dQ": -3.11972669919669e-14,
        "type": "PQ"
    },
    "10": {
        "P": 0.0,
        "Q": 0.0,
        "V": 0.9895380767774428,
        "O": -0.2652986240135345,
        "dP": 6.368937934531453e-11,
        "dQ": -2.1093272766366968e-14,
        "type": "PQ"
    },
    "11": {
        "P": 0.0,
        "Q": 0.0,
        "V": 1.0017550184852593,
        "O": -0.25399610201533024,
        "dP": -9.79502774267826e-11,
        "dQ": -2.1353692541877776e-14,
        "type": "PQ"
    },
    "12": {
        "P": 0.2030000000000003,
        "Q": 0.635,
        "V": 1.02,
        "O": -0.22689280275926285,
        "dP": 0.0,
        "dQ": 0.0,
        "type": "VO"
    },
    "13": {
        "P": -1.94,
        "Q": -0.755,
        "V": 0.98,
        "O": -0.18866092894368838,
        "dP": -5.474021236295812e-11,
        "dQ": 0.0,
        "type": "PV"
    },
    "14": {
        "P": -1.02,
        "Q": -0.876,
        "V": 1.014,
        "O": -0.026838742367361508,
        "dP": 3.445443930161218e-11,
        "dQ": 0.0,
        "type": "PV"
    },
    "15": {
        "P": 0.55,
        "Q": 0.12789999999999996,
        "V": 1.017,
        "O": -0.04604809504611669,
        "dP": 4.440892098500626e-12,
        "dQ": 0.0,
        "type": "PV"
    },
    "16": {
        "P": 0.0,
        "Q": 0.0,
        "V": 1.0378180986836036,
        "O": 0.032202168607142076,
        "dP": 1.3826514582374875e-15,
        "dQ": -2.580949388709977e-14,
        "type": "PQ"
    },
    "17": {
        "P": 0.6699999999999999,
        "Q": 0.664,
        "V": 1.05,
        "O": 0.05582088494865682,
        "dP": -2.1445067943659524e-12,
        "dQ": 0.0,
        "type": "PV"
    },
    "18": {
        "P": -1.81,
        "Q": -0.37,
        "V": 1.024026190898025,
        "O": -0.07254842575287618,
        "dP": -2.87214696470528e-12,
        "dQ": 5.551115123125783e-17,
        "type": "PQ"
    },
    "19": {
        "P": -1.28,
        "Q": -0.26,
        "V": 1.0394899123426833,
        "O": -0.06165437227845506,
        "dP": -9.352518759442319e-13,
        "dQ": 7.438494264988549e-15,
        "type": "PQ"
    },
    "20": {
        "P": 4.0,
        "Q": 1.151,
        "V": 1.05,
        "O": 0.07017754729752605,
        "dP": 1.7763568394002505e-15,
        "dQ": 0.0,
        "type": "PV"
    },
    "21": {
        "P": 3.0,
        "Q": -0.301,
        "V": 1.05,
        "O": 0.16883620343961925,
        "dP": 2.6645352591003757e-14,
        "dQ": 0.0,
        "type": "PV"
    },
    "22": {
        "P": 6.6,
        "Q": 1.29,
        "V": 1.05,
        "O": -0.043215252055880615,
        "dP": -2.544764399203814e-10,
        "dQ": 0.0,
        "type": "PV"
    },
    "23": {
        "P": 0.0,
        "Q": 0.0,
        "V": 0.9841319751919387,
        "O": -0.13749108307442062,
        "dP": 8.246989922909568e-11,
        "dQ": 0.0,
        "type": "PQ"
    }
}