iter,convP,P_bus,convQ,Q_bus
0,4.735727266819424,11,1.432940911571611,8
1,0.16127699916796967,8,1.1727333706617973,11
2,0.005256760241923342,4,0.035655467080283484,11
3,0.0002385950300896056,5,4.027286072090002e-05,11
4,1.082249161399318e-06,9,1.8388065514685081e-09,9
