iter,convP,P_bus,convQ,Q_bus
0,4.735727266819424,11,1.4205553965064923,9
1,0.14795583848472327,9,1.1739650607694538,11
2,0.0033419809354700014,13,0.03471894667373163,11
3,0.000148806689092007,9,3.59123090301716e-05,11
4,1.6209127240429666e-07,9,4.958720764094566e-10,11
